MSE,MAE,R2
9.265836509057758,2.491053991572578,-9.229166445967607e-05
8.829101798801451,2.428410636019687,0.04704592589449219
8.324264373758345,2.341909438685378,0.10153469405220783
